Date,Weekday,MealType,Paytm+Cash,Coupons,SemType,Holiday,MenuItem
2022-10-01,5,BreakFast,129.0,,False,False,
2022-10-01,5,Lunch,333.0,75.0,False,False,
2022-10-01,5,EveningSnacks,17.0,36.0,False,False,
2022-10-01,5,Dinner,47.0,58.0,False,False,
2022-10-02,6,BreakFast,69.0,71.0,False,False,
2022-10-02,6,Lunch,106.0,86.0,False,False,
2022-10-02,6,EveningSnacks,8.0,,False,False,
2022-10-02,6,Dinner,172.0,99.0,False,False,
2022-10-03,0,BreakFast,76.0,87.0,False,False,
2022-10-03,0,Lunch,186.0,125.0,False,False,
2022-10-03,0,EveningSnacks,16.0,,False,False,
2022-10-03,0,Dinner,108.0,127.0,False,False,
2022-10-04,1,BreakFast,67.0,98.0,False,False,
2022-10-04,1,Lunch,108.0,140.0,False,False,
2022-10-04,1,EveningSnacks,4.0,89.0,False,False,
2022-10-04,1,Dinner,18.0,95.0,False,False,
2022-10-05,2,BreakFast,22.0,87.0,False,False,
2022-10-05,2,Lunch,22.0,93.0,False,False,
2022-10-05,2,EveningSnacks,2.0,70.0,False,False,
2022-10-05,2,Dinner,38.0,,False,False,
2022-10-06,3,BreakFast,19.0,80.0,False,False,
2022-10-06,3,Lunch,57.0,153.0,False,False,
2022-10-06,3,EveningSnacks,12.0,96.0,False,False,
2022-10-06,3,Dinner,10.0,85.0,False,False,
2022-10-07,4,BreakFast,36.0,121.0,False,False,
2022-10-07,4,Lunch,34.0,151.0,False,False,
2022-10-07,4,EveningSnacks,5.0,89.0,False,False,
2022-10-07,4,Dinner,61.0,185.0,False,False,
2022-10-08,5,BreakFast,10.0,85.0,False,False,
2022-10-08,5,Lunch,113.0,196.0,False,False,
2022-10-08,5,EveningSnacks,6.0,70.0,False,False,
2022-10-08,5,Dinner,13.0,136.0,False,False,
2022-10-09,6,BreakFast,11.0,110.0,False,False,
2022-10-09,6,Lunch,15.0,159.0,False,False,
2022-10-09,6,EveningSnacks,0.0,76.0,False,False,
2022-10-09,6,Dinner,65.0,192.0,False,False,
2022-10-10,0,BreakFast,14.0,120.0,False,False,
2022-10-10,0,Lunch,41.0,205.0,False,False,
2022-10-10,0,EveningSnacks,16.0,170.0,False,False,
2022-10-10,0,Dinner,21.0,205.0,False,False,
2022-10-11,1,BreakFast,23.0,144.0,False,False,
2022-10-11,1,Lunch,51.0,231.0,False,False,
2022-10-11,1,EveningSnacks,12.0,168.0,False,False,
2022-10-11,1,Dinner,16.0,189.0,False,False,
2022-10-12,2,BreakFast,19.0,134.0,False,False,
2022-10-12,2,Lunch,31.0,214.0,False,False,
2022-10-12,2,EveningSnacks,8.0,162.0,False,False,
2022-10-12,2,Dinner,68.0,276.0,False,False,
2022-10-13,3,BreakFast,31.0,119.0,False,False,
2022-10-13,3,Lunch,51.0,244.0,False,False,
2022-10-13,3,EveningSnacks,7.0,138.0,False,False,
2022-10-13,3,Dinner,19.0,197.0,False,False,
2022-10-14,4,BreakFast,17.0,139.0,False,False,
2022-10-14,4,Lunch,46.0,183.0,False,False,
2022-10-14,4,EveningSnacks,2.0,,False,False,
2022-10-14,4,Dinner,44.0,261.0,False,False,
2022-10-15,5,BreakFast,14.0,153.0,False,False,
2022-10-15,5,Lunch,51.0,229.0,False,False,
2022-10-15,5,EveningSnacks,1.0,118.0,False,False,
2022-10-15,5,Dinner,19.0,169.0,False,False,
2022-10-16,6,BreakFast,20.0,163.0,False,False,
2022-10-16,6,Lunch,11.0,191.0,False,False,
2022-10-16,6,EveningSnacks,4.0,123.0,False,False,
2022-10-16,6,Dinner,67.0,251.0,False,False,
2022-10-17,0,BreakFast,24.0,148.0,False,False,
2022-10-17,0,Lunch,34.0,191.0,False,False,
2022-10-17,0,EveningSnacks,7.0,191.0,False,False,
2022-10-17,0,Dinner,14.0,216.0,False,False,
2022-10-18,1,BreakFast,14.0,131.0,False,False,
2022-10-18,1,Lunch,55.0,180.0,False,False,
2022-10-18,1,EveningSnacks,6.0,152.0,False,False,
2022-10-18,1,Dinner,19.0,,False,False,
2022-10-19,2,BreakFast,19.0,134.0,False,False,
2022-10-19,2,Lunch,32.0,,False,False,
2022-10-19,2,EveningSnacks,2.0,133.0,False,False,
2022-10-19,2,Dinner,47.0,238.0,False,False,
2022-10-20,3,BreakFast,13.0,113.0,False,False,
2022-10-20,3,Lunch,42.0,193.0,False,False,
2022-10-20,3,EveningSnacks,3.0,122.0,False,False,
2022-10-20,3,Dinner,18.0,144.0,False,False,
2022-10-21,4,BreakFast,42.0,,False,False,
2022-10-21,4,Lunch,32.0,160.0,False,False,
2022-10-21,4,EveningSnacks,2.0,,False,False,
2022-10-21,4,Dinner,27.0,179.0,False,False,
2022-10-22,5,BreakFast,22.0,,False,False,
2022-10-22,5,Lunch,47.0,,False,False,
2022-10-22,5,EveningSnacks,0.0,,False,False,
2022-10-22,5,Dinner,6.0,,False,False,
2022-10-23,6,BreakFast,7.0,,False,False,
2022-10-23,6,Lunch,12.0,,False,False,
2022-10-23,6,EveningSnacks,0.0,,False,False,
2022-10-23,6,Dinner,15.0,,False,False,
2022-10-24,0,BreakFast,5.0,,False,False,
2022-10-24,0,Lunch,8.0,,False,False,
2022-10-24,0,EveningSnacks,0.0,,False,False,
2022-10-24,0,Dinner,2.0,,False,False,
2022-10-25,1,BreakFast,5.0,,False,False,
2022-10-25,1,Lunch,27.0,,False,False,
2022-10-25,1,EveningSnacks,0.0,,False,False,
2022-10-25,1,Dinner,10.0,,False,False,
2022-10-26,2,BreakFast,24.0,,False,False,
2022-10-26,2,Lunch,25.0,,False,False,
2022-10-26,2,EveningSnacks,0.0,,False,False,
2022-10-26,2,Dinner,15.0,,False,False,
2022-10-27,3,BreakFast,8.0,,False,False,
2022-10-27,3,Lunch,26.0,,False,False,
2022-10-27,3,EveningSnacks,2.0,,False,False,
2022-10-27,3,Dinner,14.0,,False,False,
2022-10-28,4,BreakFast,20.0,38.0,False,False,
2022-10-28,4,Lunch,30.0,33.0,False,False,
2022-10-28,4,EveningSnacks,0.0,34.0,False,False,
2022-10-28,4,Dinner,23.0,64.0,False,False,
2022-10-29,5,BreakFast,13.0,45.0,False,False,
2022-10-29,5,Lunch,35.0,57.0,False,False,
2022-10-29,5,EveningSnacks,1.0,,False,False,
2022-10-29,5,Dinner,9.0,28.0,False,False,
2022-10-30,6,BreakFast,15.0,48.0,False,False,
2022-10-30,6,Lunch,24.0,44.0,False,False,
2022-10-30,6,EveningSnacks,3.0,,False,False,
2022-10-30,6,Dinner,50.0,99.0,False,False,
2022-10-31,0,BreakFast,24.0,75.0,False,False,
2022-10-31,0,Lunch,58.0,,False,False,
2022-10-31,0,EveningSnacks,9.0,,False,False,
2022-10-31,0,Dinner,28.0,126.0,False,False,
2022-11-01,1,BreakFast,40.0,32.0,False,False,
2022-11-01,1,Lunch,178.0,78.0,False,False,
2022-11-01,1,EveningSnacks,11.0,51.0,False,False,
2022-11-01,1,Dinner,52.0,122.0,False,False,
2022-11-02,2,BreakFast,65.0,101.0,False,False,
2022-11-02,2,Lunch,129.0,125.0,False,False,
2022-11-02,2,EveningSnacks,12.0,84.0,False,False,
2022-11-02,2,Dinner,99.0,201.0,False,False,
2022-11-03,3,BreakFast,31.0,120.0,False,False,
2022-11-03,3,Lunch,115.0,216.0,False,False,
2022-11-03,3,EveningSnacks,10.0,111.0,False,False,
2022-11-03,3,Dinner,35.0,203.0,False,False,
2022-11-04,4,BreakFast,20.0,179.0,False,False,
2022-11-04,4,Lunch,63.0,178.0,False,False,
2022-11-04,4,EveningSnacks,4.0,117.0,False,False,
2022-11-04,4,Dinner,47.0,228.0,False,False,
2022-11-05,5,BreakFast,10.0,93.0,False,False,
2022-11-05,5,Lunch,84.0,252.0,False,False,
2022-11-05,5,EveningSnacks,1.0,,False,False,
2022-11-05,5,Dinner,18.0,,False,False,
2022-11-06,6,BreakFast,12.0,129.0,False,False,
2022-11-06,6,Lunch,31.0,157.0,False,False,
2022-11-06,6,EveningSnacks,5.0,,False,False,
2022-11-06,6,Dinner,45.0,261.0,False,False,
2022-11-07,0,BreakFast,6.0,175.0,False,False,
2022-11-07,0,Lunch,72.0,278.0,False,False,
2022-11-07,0,EveningSnacks,6.0,189.0,False,False,
2022-11-07,0,Dinner,23.0,247.0,False,False,
2022-11-08,1,BreakFast,11.0,132.0,False,False,
2022-11-08,1,Lunch,34.0,262.0,False,False,
2022-11-08,1,EveningSnacks,4.0,127.0,False,False,
2022-11-08,1,Dinner,17.0,204.0,False,False,
2022-11-09,2,BreakFast,31.0,236.0,False,False,
2022-11-09,2,Lunch,45.0,287.0,False,False,
2022-11-09,2,EveningSnacks,5.0,,False,False,
2022-11-09,2,Dinner,49.0,421.0,False,False,
2022-11-10,3,BreakFast,14.0,220.0,False,False,
2022-11-10,3,Lunch,83.0,365.0,False,False,
2022-11-10,3,EveningSnacks,6.0,220.0,False,False,
2022-11-10,3,Dinner,14.0,278.0,False,False,
2022-11-11,4,BreakFast,21.0,250.0,False,False,
2022-11-11,4,Lunch,45.0,220.0,False,False,
2022-11-11,4,EveningSnacks,3.0,131.0,False,False,
2022-11-11,4,Dinner,31.0,340.0,False,False,
2022-11-12,5,BreakFast,17.0,201.0,False,False,
2022-11-12,5,Lunch,76.0,387.0,False,False,
2022-11-12,5,EveningSnacks,6.0,162.0,False,False,
2022-11-12,5,Dinner,10.0,202.0,False,False,
2022-11-13,6,BreakFast,11.0,150.0,False,False,
2022-11-13,6,Lunch,24.0,190.0,False,False,
2022-11-13,6,EveningSnacks,3.0,136.0,False,False,
2022-11-13,6,Dinner,26.0,303.0,False,False,
2022-11-14,0,BreakFast,8.0,192.0,False,False,
2022-11-14,0,Lunch,69.0,322.0,False,False,
2022-11-14,0,EveningSnacks,1.0,,False,False,
2022-11-14,0,Dinner,18.0,354.0,False,False,
2022-11-15,1,BreakFast,9.0,193.0,False,False,
2022-11-15,1,Lunch,74.0,360.0,False,False,
2022-11-15,1,EveningSnacks,5.0,209.0,False,False,
2022-11-15,1,Dinner,17.0,316.0,False,False,
2022-11-16,2,BreakFast,18.0,242.0,False,False,
2022-11-16,2,Lunch,40.0,265.0,False,False,
2022-11-16,2,EveningSnacks,4.0,,False,False,
2022-11-16,2,Dinner,51.0,445.0,False,False,
2022-11-17,3,BreakFast,13.0,217.0,False,False,
2022-11-17,3,Lunch,46.0,356.0,False,False,
2022-11-17,3,EveningSnacks,6.0,178.0,False,False,
2022-11-17,3,Dinner,12.0,292.0,False,False,
2022-11-18,4,BreakFast,16.0,232.0,False,False,
2022-11-18,4,Lunch,39.0,202.0,False,False,
2022-11-18,4,EveningSnacks,3.0,106.0,False,False,
2022-11-18,4,Dinner,20.0,207.0,False,False,
2022-11-19,5,BreakFast,14.0,137.0,False,False,
2022-11-19,5,Lunch,68.0,306.0,False,False,
2022-11-19,5,EveningSnacks,1.0,102.0,False,False,
2022-11-19,5,Dinner,16.0,190.0,False,False,
2022-11-20,6,BreakFast,11.0,126.0,False,False,
2022-11-20,6,Lunch,22.0,160.0,False,False,
2022-11-20,6,EveningSnacks,4.0,125.0,False,False,
2022-11-20,6,Dinner,41.0,275.0,False,False,
2022-11-21,0,BreakFast,9.0,179.0,False,False,
2022-11-21,0,Lunch,57.0,275.0,False,False,
2022-11-21,0,EveningSnacks,6.0,221.0,False,False,
2022-11-21,0,Dinner,36.0,303.0,False,False,
2022-11-22,1,BreakFast,17.0,189.0,False,False,
2022-11-22,1,Lunch,76.0,296.0,False,False,
2022-11-22,1,EveningSnacks,5.0,179.0,False,False,
2022-11-22,1,Dinner,13.0,208.0,False,False,
2022-11-23,2,BreakFast,14.0,224.0,False,False,
2022-11-23,2,Lunch,50.0,262.0,False,False,
2022-11-23,2,EveningSnacks,3.0,204.0,False,False,
2022-11-23,2,Dinner,64.0,396.0,False,False,
2022-11-24,3,BreakFast,21.0,189.0,False,False,
2022-11-24,3,Lunch,68.0,298.0,False,False,
2022-11-24,3,EveningSnacks,3.0,161.0,False,False,
2022-11-24,3,Dinner,22.0,193.0,False,False,
2022-11-25,4,BreakFast,19.0,149.0,False,False,
2022-11-25,4,Lunch,48.0,129.0,False,False,
2022-11-25,4,EveningSnacks,2.0,104.0,False,False,
2022-11-25,4,Dinner,30.0,240.0,False,False,
2022-11-26,5,BreakFast,22.0,99.0,False,False,
2022-11-26,5,Lunch,59.0,195.0,False,False,
2022-11-26,5,EveningSnacks,1.0,88.0,False,False,
2022-11-26,5,Dinner,16.0,131.0,False,False,
2022-11-27,6,BreakFast,8.0,86.0,False,False,
2022-11-27,6,Lunch,31.0,138.0,False,False,
2022-11-27,6,EveningSnacks,5.0,138.0,False,False,
2022-11-27,6,Dinner,55.0,248.0,False,False,
2022-11-28,0,BreakFast,18.0,163.0,False,False,
2022-11-28,0,Lunch,72.0,199.0,False,False,
2022-11-28,0,EveningSnacks,3.0,150.0,False,False,
2022-11-28,0,Dinner,42.0,249.0,False,False,
2022-11-29,1,BreakFast,16.0,130.0,False,False,
2022-11-29,1,Lunch,82.0,255.0,False,False,
2022-11-29,1,EveningSnacks,0.0,144.0,False,False,
2022-11-29,1,Dinner,42.0,151.0,False,False,
2022-11-30,2,BreakFast,36.0,173.0,False,False,
2022-11-30,2,Lunch,72.0,215.0,False,False,
2022-11-30,2,EveningSnacks,9.0,174.0,False,False,
2022-11-30,2,Dinner,114.0,319.0,False,False,
2022-12-01,3,BreakFast,47.0,54.0,False,False,
2022-12-01,3,Lunch,106.0,110.0,False,False,
2022-12-01,3,EveningSnacks,6.0,67.0,False,False,
2022-12-01,3,Dinner,43.0,91.0,False,False,
2022-12-02,4,BreakFast,36.0,80.0,False,False,
2022-12-02,4,Lunch,36.0,112.0,False,False,
2022-12-02,4,EveningSnacks,2.0,62.0,False,False,
2022-12-02,4,Dinner,32.0,170.0,False,False,
2022-12-03,5,BreakFast,9.0,82.0,False,False,
2022-12-03,5,Lunch,107.0,189.0,False,False,
2022-12-03,5,EveningSnacks,1.0,58.0,False,False,
2022-12-03,5,Dinner,21.0,133.0,False,False,
2022-12-04,6,BreakFast,16.0,83.0,False,False,
2022-12-04,6,Lunch,32.0,170.0,False,False,
2022-12-04,6,EveningSnacks,5.0,132.0,False,False,
2022-12-04,6,Dinner,48.0,241.0,False,False,
2022-12-05,0,BreakFast,18.0,114.0,False,False,
2022-12-05,0,Lunch,57.0,214.0,False,False,
2022-12-05,0,EveningSnacks,8.0,194.0,False,False,
2022-12-05,0,Dinner,26.0,239.0,False,False,
2022-12-06,1,BreakFast,21.0,151.0,False,False,
2022-12-06,1,Lunch,63.0,276.0,False,False,
2022-12-06,1,EveningSnacks,3.0,151.0,False,False,
2022-12-06,1,Dinner,17.0,209.0,False,False,
2022-12-07,2,BreakFast,19.0,153.0,False,False,
2022-12-07,2,Lunch,40.0,183.0,False,False,
2022-12-07,2,EveningSnacks,3.0,155.0,False,False,
2022-12-07,2,Dinner,66.0,346.0,False,False,
2022-12-08,3,BreakFast,13.0,178.0,False,False,
2022-12-08,3,Lunch,42.0,246.0,False,False,
2022-12-08,3,EveningSnacks,4.0,144.0,False,False,
2022-12-08,3,Dinner,15.0,236.0,False,False,
2022-12-09,4,BreakFast,40.0,135.0,False,False,
2022-12-09,4,Lunch,29.0,187.0,False,False,
2022-12-09,4,EveningSnacks,1.0,116.0,False,False,
2022-12-09,4,Dinner,17.0,290.0,False,False,
2022-12-10,5,BreakFast,5.0,139.0,False,False,
2022-12-10,5,Lunch,47.0,321.0,False,False,
2022-12-10,5,EveningSnacks,8.0,102.0,False,False,
2022-12-10,5,Dinner,17.0,168.0,False,False,
2022-12-11,6,BreakFast,11.0,120.0,False,False,
2022-12-11,6,Lunch,28.0,202.0,False,False,
2022-12-11,6,EveningSnacks,3.0,162.0,False,False,
2022-12-11,6,Dinner,49.0,325.0,False,False,
2022-12-12,0,BreakFast,8.0,154.0,False,False,
2022-12-12,0,Lunch,50.0,242.0,False,False,
2022-12-12,0,EveningSnacks,7.0,220.0,False,False,
2022-12-12,0,Dinner,16.0,252.0,False,False,
2022-12-13,1,BreakFast,11.0,173.0,False,False,
2022-12-13,1,Lunch,63.0,232.0,False,False,
2022-12-13,1,EveningSnacks,4.0,125.0,False,False,
2022-12-13,1,Dinner,17.0,189.0,False,False,
2022-12-14,2,BreakFast,23.0,160.0,False,False,
2022-12-14,2,Lunch,32.0,168.0,False,False,
2022-12-14,2,EveningSnacks,1.0,137.0,False,False,
2022-12-14,2,Dinner,45.0,322.0,False,False,
2022-12-15,3,BreakFast,12.0,161.0,False,False,
2022-12-15,3,Lunch,30.0,238.0,False,False,
2022-12-15,3,EveningSnacks,6.0,161.0,False,False,
2022-12-15,3,Dinner,20.0,187.0,False,False,
2022-12-16,4,BreakFast,13.0,133.0,False,False,
2022-12-16,4,Lunch,32.0,182.0,False,False,
2022-12-16,4,EveningSnacks,1.0,98.0,False,False,
2022-12-16,4,Dinner,24.0,278.0,False,False,
2022-12-17,5,BreakFast,7.0,,False,False,
2022-12-17,5,Lunch,61.0,314.0,False,False,
2022-12-17,5,EveningSnacks,6.0,121.0,False,False,
2022-12-17,5,Dinner,9.0,,False,False,
2022-12-18,6,BreakFast,7.0,153.0,False,False,
2022-12-18,6,Lunch,21.0,164.0,False,False,
2022-12-18,6,EveningSnacks,3.0,157.0,False,False,
2022-12-18,6,Dinner,38.0,251.0,False,False,
2022-12-19,0,BreakFast,8.0,139.0,False,False,
2022-12-19,0,Lunch,40.0,204.0,False,False,
2022-12-19,0,EveningSnacks,1.0,165.0,False,False,
2022-12-19,0,Dinner,9.0,160.0,False,False,
2022-12-20,1,BreakFast,9.0,133.0,False,False,
2022-12-20,1,Lunch,50.0,198.0,False,False,
2022-12-20,1,EveningSnacks,2.0,86.0,False,False,
2022-12-20,1,Dinner,17.0,110.0,False,False,
2022-12-21,2,BreakFast,11.0,110.0,False,False,
2022-12-21,2,Lunch,31.0,114.0,False,False,
2022-12-21,2,EveningSnacks,1.0,53.0,False,False,
2022-12-21,2,Dinner,26.0,177.0,False,False,
2022-12-22,3,BreakFast,13.0,108.0,False,False,
2022-12-22,3,Lunch,75.0,130.0,False,False,
2022-12-22,3,EveningSnacks,0.0,75.0,False,False,
2022-12-22,3,Dinner,5.0,75.0,False,False,
2022-12-23,4,BreakFast,9.0,86.0,False,False,
2022-12-23,4,Lunch,32.0,90.0,False,False,
2022-12-23,4,EveningSnacks,1.0,60.0,False,False,
2022-12-23,4,Dinner,12.0,101.0,False,False,
2022-12-24,5,BreakFast,12.0,52.0,False,False,
2022-12-24,5,Lunch,34.0,131.0,False,False,
2022-12-24,5,EveningSnacks,0.0,24.0,False,False,
2022-12-24,5,Dinner,7.0,45.0,False,False,
2022-12-25,6,BreakFast,,,False,False,
2022-12-25,6,Lunch,,,False,False,
2022-12-25,6,EveningSnacks,,,False,False,
2022-12-25,6,Dinner,,,False,False,
2022-12-26,0,BreakFast,,,False,False,
2022-12-26,0,Lunch,,,False,False,
2022-12-26,0,EveningSnacks,,,False,False,
2022-12-26,0,Dinner,,,False,False,
2022-12-27,1,BreakFast,,,False,False,
2022-12-27,1,Lunch,,,False,False,
2022-12-27,1,EveningSnacks,,,False,False,
2022-12-27,1,Dinner,,,False,False,
2022-12-28,2,BreakFast,,,False,False,
2022-12-28,2,Lunch,,,False,False,
2022-12-28,2,EveningSnacks,,,False,False,
2022-12-28,2,Dinner,,,False,False,
2023-01-01,6,BreakFast,0.0,0.0,False,False,
2023-01-01,6,Lunch,0.0,0.0,False,False,
2023-01-01,6,EveningSnacks,0.0,0.0,False,False,
2023-01-01,6,Dinner,0.0,0.0,False,False,
2023-01-02,0,BreakFast,0.0,0.0,False,False,
2023-01-02,0,Lunch,0.0,0.0,False,False,
2023-01-02,0,EveningSnacks,0.0,0.0,False,False,
2023-01-02,0,Dinner,14.0,10.0,False,False,
2023-01-03,1,BreakFast,11.0,12.0,False,False,
2023-01-03,1,Lunch,46.0,15.0,False,False,
2023-01-03,1,EveningSnacks,5.0,0.0,False,False,
2023-01-03,1,Dinner,14.0,12.0,False,False,
2023-01-04,2,BreakFast,17.0,0.0,False,False,
2023-01-04,2,Lunch,36.0,0.0,False,False,
2023-01-04,2,EveningSnacks,0.0,0.0,False,False,
2023-01-04,2,Dinner,17.0,21.0,False,False,
2023-01-05,3,BreakFast,14.0,15.0,False,False,
2023-01-05,3,Lunch,38.0,17.0,False,False,
2023-01-05,3,EveningSnacks,2.0,9.0,False,False,
2023-01-05,3,Dinner,16.0,16.0,False,False,
2023-01-06,4,BreakFast,16.0,12.0,False,False,
2023-01-06,4,Lunch,28.0,15.0,False,False,
2023-01-06,4,EveningSnacks,0.0,6.0,False,False,
2023-01-06,4,Dinner,11.0,21.0,False,False,
2023-01-07,5,BreakFast,10.0,0.0,False,False,
2023-01-07,5,Lunch,40.0,22.0,False,False,
2023-01-07,5,EveningSnacks,2.0,0.0,False,False,
2023-01-07,5,Dinner,9.0,15.0,False,False,
2023-01-08,6,BreakFast,7.0,0.0,False,False,
2023-01-08,6,Lunch,15.0,15.0,False,False,
2023-01-08,6,EveningSnacks,0.0,7.0,False,False,
2023-01-08,6,Dinner,24.0,27.0,False,False,
2023-01-09,0,BreakFast,10.0,14.0,False,False,
2023-01-09,0,Lunch,47.0,26.0,False,False,
2023-01-09,0,EveningSnacks,0.0,10.0,False,False,
2023-01-09,0,Dinner,23.0,21.0,False,False,
2023-01-10,1,BreakFast,11.0,15.0,False,False,
2023-01-10,1,Lunch,33.0,21.0,False,False,
2023-01-10,1,EveningSnacks,0.0,0.0,False,False,
2023-01-10,1,Dinner,10.0,0.0,False,False,
2023-01-11,2,BreakFast,15.0,19.0,False,False,
2023-01-11,2,Lunch,23.0,18.0,False,False,
2023-01-11,2,EveningSnacks,0.0,0.0,False,False,
2023-01-11,2,Dinner,34.0,39.0,False,False,
2023-01-12,3,BreakFast,4.0,16.0,False,False,
2023-01-12,3,Lunch,35.0,29.0,False,False,
2023-01-12,3,EveningSnacks,0.0,13.0,False,False,
2023-01-12,3,Dinner,13.8,27.0,False,False,
2023-01-13,4,BreakFast,16.0,21.0,False,False,
2023-01-13,4,Lunch,27.0,23.0,False,False,
2023-01-13,4,EveningSnacks,0.0,14.0,False,False,
2023-01-13,4,Dinner,29.0,30.0,False,False,
2023-01-14,5,BreakFast,5.0,13.0,False,False,
2023-01-14,5,Lunch,53.0,30.0,False,False,
2023-01-14,5,EveningSnacks,0.0,11.0,False,False,
2023-01-14,5,Dinner,10.8,24.0,False,False,
2023-01-15,6,BreakFast,12.0,17.0,False,False,
2023-01-15,6,Lunch,29.0,31.0,False,False,
2023-01-15,6,EveningSnacks,0.0,0.0,False,False,
2023-01-15,6,Dinner,72.0,38.0,False,False,
2023-01-16,0,BreakFast,49.0,35.0,False,False,
2023-01-16,0,Lunch,118.0,50.0,False,False,
2023-01-16,0,EveningSnacks,0.0,22.0,False,False,
2023-01-16,0,Dinner,95.0,47.0,False,False,
2023-01-17,1,BreakFast,70.0,34.0,False,False,
2023-01-17,1,Lunch,142.0,48.0,False,False,
2023-01-17,1,EveningSnacks,5.0,30.0,False,False,
2023-01-17,1,Dinner,76.0,31.0,False,False,
2023-01-18,2,BreakFast,44.0,38.0,False,False,
2023-01-18,2,Lunch,91.0,52.0,False,False,
2023-01-18,2,EveningSnacks,13.0,25.0,False,False,
2023-01-18,2,Dinner,131.0,56.0,False,False,
2023-01-19,3,BreakFast,58.0,32.0,False,False,
2023-01-19,3,Lunch,122.0,48.0,False,False,
2023-01-19,3,EveningSnacks,5.0,31.0,False,False,
2023-01-19,3,Dinner,58.0,33.0,False,False,
2023-01-20,4,BreakFast,36.0,39.0,False,False,
2023-01-20,4,Lunch,77.0,44.0,False,False,
2023-01-20,4,EveningSnacks,0.0,0.0,False,False,
2023-01-20,4,Dinner,3.0,38.0,False,False,
2023-01-21,5,BreakFast,30.0,16.0,False,False,
2023-01-21,5,Lunch,5.0,39.0,False,False,
2023-01-21,5,EveningSnacks,5.0,0.0,False,False,
2023-01-21,5,Dinner,26.0,28.0,False,False,
2023-01-22,6,BreakFast,14.0,21.0,False,False,
2023-01-22,6,Lunch,7.0,28.0,False,False,
2023-01-22,6,EveningSnacks,4.0,0.0,False,False,
2023-01-22,6,Dinner,2.0,45.0,False,False,
2023-01-23,0,BreakFast,38.0,29.0,False,False,
2023-01-23,0,Lunch,9.0,42.0,False,False,
2023-01-23,0,EveningSnacks,7.0,28.0,False,False,
2023-01-23,0,Dinner,73.0,47.0,False,False,
2023-01-24,1,BreakFast,56.0,31.0,False,False,
2023-01-24,1,Lunch,37.0,43.0,False,False,
2023-01-24,1,EveningSnacks,12.0,0.0,False,False,
2023-01-24,1,Dinner,41.0,24.0,False,False,
2023-01-25,2,BreakFast,41.0,34.0,False,False,
2023-01-25,2,Lunch,80.0,43.0,False,False,
2023-01-25,2,EveningSnacks,2.0,0.0,False,False,
2023-01-25,2,Dinner,125.0,54.0,False,False,
2023-01-26,3,BreakFast,22.0,27.0,False,False,
2023-01-26,3,Lunch,157.0,47.0,False,False,
2023-01-26,3,EveningSnacks,0.0,0.0,False,False,
2023-01-26,3,Dinner,44.0,34.0,False,False,
2023-01-27,4,BreakFast,35.0,25.0,False,False,
2023-01-27,4,Lunch,62.0,20.0,False,False,
2023-01-27,4,EveningSnacks,4.0,0.0,False,False,
2023-01-27,4,Dinner,35.0,0.0,False,False,
2023-01-28,5,BreakFast,55.0,28.0,False,False,
2023-01-28,5,Lunch,115.0,36.0,False,False,
2023-01-28,5,EveningSnacks,14.0,0.0,False,False,
2023-01-28,5,Dinner,43.0,9.0,False,False,
2023-01-29,6,BreakFast,26.0,33.0,False,False,
2023-01-29,6,Lunch,70.0,37.0,False,False,
2023-01-29,6,EveningSnacks,8.0,0.0,False,False,
2023-01-29,6,Dinner,153.0,53.0,False,False,
2023-01-30,0,BreakFast,39.0,31.0,False,False,
2023-01-30,0,Lunch,133.0,34.0,False,False,
2023-01-30,0,EveningSnacks,8.0,32.0,False,False,
2023-01-30,0,Dinner,130.0,42.0,False,False,
2023-01-31,1,BreakFast,52.0,36.0,False,False,
2023-01-31,1,Lunch,144.0,43.0,False,False,
2023-01-31,1,EveningSnacks,8.0,42.0,False,False,
2023-01-31,1,Dinner,53.0,26.0,False,False,
2023-02-01,2,BreakFast,40.0,44.0,False,False,
2023-02-01,2,Lunch,74.0,90.0,False,False,
2023-02-01,2,EveningSnacks,8.0,50.0,False,False,
2023-02-01,2,Dinner,188.0,158.0,False,False,
2023-02-02,3,BreakFast,35.0,93.0,False,False,
2023-02-02,3,Lunch,82.0,169.0,False,False,
2023-02-02,3,EveningSnacks,0.0,65.0,False,False,
2023-02-02,3,Dinner,32.0,154.0,False,False,
2023-02-03,4,BreakFast,22.0,114.0,False,False,
2023-02-03,4,Lunch,53.0,177.0,False,False,
2023-02-03,4,EveningSnacks,6.0,56.0,False,False,
2023-02-03,4,Dinner,30.0,162.0,False,False,
2023-02-04,5,BreakFast,9.0,92.0,False,False,
2023-02-04,5,Lunch,58.0,182.0,False,False,
2023-02-04,5,EveningSnacks,2.0,66.0,False,False,
2023-02-04,5,Dinner,15.0,100.0,False,False,
2023-02-05,6,BreakFast,5.0,74.0,False,False,
2023-02-05,6,Lunch,17.0,115.0,False,False,
2023-02-05,6,EveningSnacks,0.0,58.0,False,False,
2023-02-05,6,Dinner,49.0,185.0,False,False,
2023-02-06,0,BreakFast,15.0,125.0,False,False,
2023-02-06,0,Lunch,54.0,211.0,False,False,
2023-02-06,0,EveningSnacks,4.0,194.0,False,False,
2023-02-06,0,Dinner,35.0,197.0,False,False,
2023-02-07,1,BreakFast,15.0,160.0,False,False,
2023-02-07,1,Lunch,83.0,272.0,False,False,
2023-02-07,1,EveningSnacks,6.0,192.0,False,False,
2023-02-07,1,Dinner,21.0,173.0,False,False,
2023-02-08,2,BreakFast,13.0,162.0,False,False,
2023-02-08,2,Lunch,45.0,,False,False,
2023-02-08,2,EveningSnacks,2.0,140.0,False,False,
2023-02-08,2,Dinner,56.0,310.0,False,False,
2023-02-09,3,BreakFast,12.0,142.0,False,False,
2023-02-09,3,Lunch,57.0,226.0,False,False,
2023-02-09,3,EveningSnacks,3.0,175.0,False,False,
2023-02-09,3,Dinner,25.0,205.0,False,False,
2023-02-10,4,BreakFast,17.0,136.0,False,False,
2023-02-10,4,Lunch,33.0,170.0,False,False,
2023-02-10,4,EveningSnacks,3.0,108.0,False,False,
2023-02-10,4,Dinner,27.0,210.0,False,False,
2023-02-11,5,BreakFast,11.0,106.0,False,False,
2023-02-11,5,Lunch,60.0,224.0,False,False,
2023-02-11,5,EveningSnacks,5.0,82.0,False,False,
2023-02-11,5,Dinner,13.0,108.0,False,False,
2023-02-12,6,BreakFast,11.0,101.0,False,False,
2023-02-12,6,Lunch,18.0,106.0,False,False,
2023-02-12,6,EveningSnacks,2.0,70.0,False,False,
2023-02-12,6,Dinner,30.0,210.0,False,False,
2023-02-13,0,BreakFast,6.0,92.0,False,False,
2023-02-13,0,Lunch,48.0,223.0,False,False,
2023-02-13,0,EveningSnacks,3.0,209.0,False,False,
2023-02-13,0,Dinner,25.0,233.0,False,False,
2023-02-14,1,BreakFast,10.0,159.0,False,False,
2023-02-14,1,Lunch,57.0,254.0,False,False,
2023-02-14,1,EveningSnacks,3.0,151.0,False,False,
2023-02-14,1,Dinner,20.0,149.0,False,False,
2023-02-15,2,BreakFast,14.0,133.0,False,False,
2023-02-15,2,Lunch,38.0,212.0,False,False,
2023-02-15,2,EveningSnacks,2.0,,False,False,
2023-02-15,2,Dinner,46.0,263.0,False,False,
2023-02-16,3,BreakFast,7.0,151.0,False,False,
2023-02-16,3,Lunch,45.0,211.0,False,False,
2023-02-16,3,EveningSnacks,3.0,130.0,False,False,
2023-02-16,3,Dinner,14.0,187.0,False,False,
2023-02-17,4,BreakFast,12.0,135.0,False,False,
2023-02-17,4,Lunch,34.0,163.0,False,False,
2023-02-17,4,EveningSnacks,2.0,85.0,False,False,
2023-02-17,4,Dinner,19.0,145.0,False,False,
2023-02-18,5,BreakFast,20.0,90.0,False,False,
2023-02-18,5,Lunch,35.0,166.0,False,False,
2023-02-18,5,EveningSnacks,3.0,65.0,False,False,
2023-02-18,5,Dinner,11.0,67.0,False,False,
2023-02-19,6,BreakFast,8.0,67.0,False,False,
2023-02-19,6,Lunch,13.0,108.0,False,False,
2023-02-19,6,EveningSnacks,1.0,67.0,False,False,
2023-02-19,6,Dinner,29.0,190.0,False,False,
2023-02-20,0,BreakFast,9.0,122.0,False,False,
2023-02-20,0,Lunch,66.0,220.0,False,False,
2023-02-20,0,EveningSnacks,4.0,205.0,False,False,
2023-02-20,0,Dinner,32.0,224.0,False,False,
2023-02-21,1,BreakFast,19.0,152.0,False,False,
2023-02-21,1,Lunch,78.0,244.0,False,False,
2023-02-21,1,EveningSnacks,2.0,191.0,False,False,
2023-02-21,1,Dinner,27.0,143.0,False,False,
2023-02-22,2,BreakFast,20.0,160.0,False,False,
2023-02-22,2,Lunch,42.0,200.0,False,False,
2023-02-22,2,EveningSnacks,2.0,139.0,False,False,
2023-02-22,2,Dinner,6.0,282.0,False,False,
2023-02-23,3,BreakFast,20.0,133.0,False,False,
2023-02-23,3,Lunch,75.0,200.0,False,False,
2023-02-23,3,EveningSnacks,3.0,143.0,False,False,
2023-02-23,3,Dinner,33.0,159.0,False,False,
2023-02-24,4,BreakFast,27.0,110.0,False,False,
2023-02-24,4,Lunch,34.0,156.0,False,False,
2023-02-24,4,EveningSnacks,3.0,132.0,False,False,
2023-02-24,4,Dinner,43.0,205.0,False,False,
2023-02-25,5,BreakFast,20.0,126.0,False,False,
2023-02-25,5,Lunch,83.0,243.0,False,False,
2023-02-25,5,EveningSnacks,3.0,123.0,False,False,
2023-02-25,5,Dinner,18.0,154.0,False,False,
2023-02-26,6,BreakFast,14.0,123.0,False,False,
2023-02-26,6,Lunch,28.0,140.0,False,False,
2023-02-26,6,EveningSnacks,3.0,110.0,False,False,
2023-02-26,6,Dinner,71.0,221.0,False,False,
2023-02-27,0,BreakFast,19.0,137.0,False,False,
2023-02-27,0,Lunch,83.0,170.0,False,False,
2023-02-27,0,EveningSnacks,4.0,207.0,False,False,
2023-02-27,0,Dinner,35.0,157.0,False,False,
2023-02-28,1,BreakFast,23.0,103.0,False,False,
2023-02-28,1,Lunch,89.0,177.0,False,False,
2023-02-28,1,EveningSnacks,4.0,175.0,False,False,
2023-02-28,1,Dinner,36.0,118.0,False,False,
2023-03-01,2,BreakFast,64.0,50.0,False,False,
2023-03-01,2,Lunch,61.0,123.0,False,False,
2023-03-01,2,EveningSnacks,4.0,62.0,False,False,
2023-03-01,2,Dinner,122.0,162.0,False,False,
2023-03-02,3,BreakFast,31.0,94.0,False,False,
2023-03-02,3,Lunch,61.0,157.0,False,False,
2023-03-02,3,EveningSnacks,5.0,102.0,False,False,
2023-03-02,3,Dinner,36.0,156.0,False,False,
2023-03-03,4,BreakFast,18.0,127.0,False,False,
2023-03-03,4,Lunch,43.0,137.0,False,False,
2023-03-03,4,EveningSnacks,2.0,81.0,False,False,
2023-03-03,4,Dinner,38.0,158.0,False,False,
2023-03-04,5,BreakFast,7.0,87.0,False,False,
2023-03-04,5,Lunch,54.0,198.0,False,False,
2023-03-04,5,EveningSnacks,4.0,58.0,False,False,
2023-03-04,5,Dinner,8.0,90.0,False,False,
2023-03-05,6,BreakFast,17.0,87.0,False,False,
2023-03-05,6,Lunch,16.0,83.0,False,False,
2023-03-05,6,EveningSnacks,0.0,38.0,False,False,
2023-03-05,6,Dinner,20.0,119.0,False,False,
2023-03-06,0,BreakFast,7.0,66.0,False,False,
2023-03-06,0,Lunch,35.0,,False,False,
2023-03-06,0,EveningSnacks,1.0,67.0,False,False,
2023-03-06,0,Dinner,14.0,76.0,False,False,
2023-03-07,1,BreakFast,13.0,49.0,False,False,
2023-03-07,1,Lunch,55.0,112.0,False,False,
2023-03-07,1,EveningSnacks,,,False,False,
2023-03-07,1,Dinner,2.0,38.0,False,False,
2023-03-08,2,BreakFast,20.0,38.0,False,False,
2023-03-08,2,Lunch,5.0,61.0,False,False,
2023-03-08,2,EveningSnacks,,,False,False,
2023-03-08,2,Dinner,20.0,78.0,False,False,
2023-03-09,3,BreakFast,9.0,46.0,False,False,
2023-03-09,3,Lunch,27.0,73.0,False,False,
2023-03-09,3,EveningSnacks,6.0,59.0,False,False,
2023-03-09,3,Dinner,12.0,59.0,False,False,
2023-03-10,4,BreakFast,14.0,54.0,False,False,
2023-03-10,4,Lunch,34.0,66.0,False,False,
2023-03-10,4,EveningSnacks,,,False,False,
2023-03-10,4,Dinner,17.0,87.0,False,False,
2023-03-11,5,BreakFast,14.0,66.0,False,False,
2023-03-11,5,Lunch,28.0,92.0,False,False,
2023-03-11,5,EveningSnacks,2.0,31.0,False,False,
2023-03-11,5,Dinner,8.0,65.0,False,False,
2023-03-12,6,BreakFast,9.0,69.0,False,False,
2023-03-12,6,Lunch,9.0,89.0,False,False,
2023-03-12,6,EveningSnacks,1.0,49.0,False,False,
2023-03-12,6,Dinner,38.0,181.0,False,False,
2023-03-13,0,BreakFast,30.0,118.0,False,False,
2023-03-13,0,Lunch,85.0,231.0,False,False,
2023-03-13,0,EveningSnacks,4.0,184.0,False,False,
2023-03-13,0,Dinner,31.0,202.0,False,False,
2023-03-14,1,BreakFast,47.0,155.0,False,False,
2023-03-14,1,Lunch,91.0,272.0,False,False,
2023-03-14,1,EveningSnacks,2.0,137.0,False,False,
2023-03-14,1,Dinner,19.0,173.0,False,False,
2023-03-15,2,BreakFast,26.0,162.0,False,False,
2023-03-15,2,Lunch,66.0,233.0,False,False,
2023-03-15,2,EveningSnacks,3.0,125.0,False,False,
2023-03-15,2,Dinner,59.0,291.0,False,False,
2023-03-16,3,BreakFast,14.0,136.0,False,False,
2023-03-16,3,Lunch,82.0,250.0,False,False,
2023-03-16,3,EveningSnacks,5.0,115.0,False,False,
2023-03-16,3,Dinner,20.0,194.0,False,False,
2023-03-17,4,BreakFast,22.0,155.0,False,False,
2023-03-17,4,Lunch,62.0,179.0,False,False,
2023-03-17,4,EveningSnacks,4.0,100.0,False,False,
2023-03-17,4,Dinner,16.0,169.0,False,False,
2023-03-18,5,BreakFast,17.0,106.0,False,False,
2023-03-18,5,Lunch,59.0,207.0,False,False,
2023-03-18,5,EveningSnacks,1.0,66.0,False,False,
2023-03-18,5,Dinner,12.0,85.0,False,False,
2023-03-19,6,BreakFast,11.0,83.0,False,False,
2023-03-19,6,Lunch,20.0,133.0,False,False,
2023-03-19,6,EveningSnacks,0.0,65.0,False,False,
2023-03-19,6,Dinner,56.0,215.0,False,False,
2023-03-20,0,BreakFast,16.0,138.0,False,False,
2023-03-20,0,Lunch,70.0,213.0,False,False,
2023-03-20,0,EveningSnacks,3.0,199.0,False,False,
2023-03-20,0,Dinner,21.0,191.0,False,False,
2023-03-21,1,BreakFast,13.0,144.0,False,False,
2023-03-21,1,Lunch,91.0,256.0,False,False,
2023-03-21,1,EveningSnacks,5.0,140.0,False,False,
2023-03-21,1,Dinner,19.0,168.0,False,False,
2023-03-22,2,BreakFast,23.0,174.0,False,False,
2023-03-22,2,Lunch,66.0,207.0,False,False,
2023-03-22,2,EveningSnacks,5.0,130.0,False,False,
2023-03-22,2,Dinner,60.0,267.0,False,False,
2023-03-23,3,BreakFast,18.0,135.0,False,False,
2023-03-23,3,Lunch,94.0,218.0,False,False,
2023-03-23,3,EveningSnacks,3.0,138.0,False,False,
2023-03-23,3,Dinner,54.0,161.0,False,False,
2023-03-24,4,BreakFast,16.0,128.0,False,False,
2023-03-24,4,Lunch,62.0,151.0,False,False,
2023-03-24,4,EveningSnacks,0.0,74.0,False,False,
2023-03-24,4,Dinner,30.0,153.0,False,False,
2023-03-25,5,BreakFast,16.0,100.0,False,False,
2023-03-25,5,Lunch,57.0,188.0,False,False,
2023-03-25,5,EveningSnacks,2.0,88.0,False,False,
2023-03-25,5,Dinner,15.0,53.0,False,False,
2023-03-26,6,BreakFast,13.0,94.0,False,False,
2023-03-26,6,Lunch,23.0,107.0,False,False,
2023-03-26,6,EveningSnacks,0.0,71.0,False,False,
2023-03-26,6,Dinner,44.0,194.0,False,False,
2023-03-27,0,BreakFast,18.0,110.0,False,False,
2023-03-27,0,Lunch,79.0,190.0,False,False,
2023-03-27,0,EveningSnacks,2.0,147.0,False,False,
2023-03-27,0,Dinner,26.0,199.0,False,False,
2023-03-28,1,BreakFast,18.0,128.0,False,False,
2023-03-28,1,Lunch,89.0,234.0,False,False,
2023-03-28,1,EveningSnacks,3.0,148.0,False,False,
2023-03-28,1,Dinner,28.0,129.0,False,False,
2023-03-29,2,BreakFast,25.0,136.0,False,False,
2023-03-29,2,Lunch,52.0,186.0,False,False,
2023-03-29,2,EveningSnacks,3.0,126.0,False,False,
2023-03-29,2,Dinner,86.0,254.0,False,False,
2023-03-30,3,BreakFast,33.0,118.0,False,False,
2023-03-30,3,Lunch,70.0,183.0,False,False,
2023-03-30,3,EveningSnacks,6.0,109.0,False,False,
2023-03-30,3,Dinner,37.0,146.0,False,False,
2023-03-31,4,BreakFast,25.0,111.0,False,False,
2023-03-31,4,Lunch,54.0,113.0,False,False,
2023-03-31,4,EveningSnacks,2.0,79.0,False,False,
2023-03-31,4,Dinner,80.0,115.0,False,False,
2023-04-01,5,BreakFast,24.0,52.0,False,False,
2023-04-01,5,Lunch,70.0,105.0,False,False,
2023-04-01,5,EveningSnacks,6.0,47.0,False,False,
2023-04-01,5,Dinner,17.0,59.0,False,False,
2023-04-02,6,BreakFast,13.0,63.0,False,False,
2023-04-02,6,Lunch,16.0,103.0,False,False,
2023-04-02,6,EveningSnacks,1.0,56.0,False,False,
2023-04-02,6,Dinner,52.0,170.0,False,False,
2023-04-03,0,BreakFast,21.0,105.0,False,False,
2023-04-03,0,Lunch,82.0,175.0,False,False,
2023-04-03,0,EveningSnacks,7.0,117.0,False,False,
2023-04-03,0,Dinner,27.0,138.0,False,False,
2023-04-04,1,BreakFast,19.0,100.0,False,False,
2023-04-04,1,Lunch,56.0,197.0,False,False,
2023-04-04,1,EveningSnacks,0.0,91.0,False,False,
2023-04-04,1,Dinner,33.0,109.0,False,False,
2023-04-05,2,BreakFast,26.0,142.0,False,False,
2023-04-05,2,Lunch,53.0,183.0,False,False,
2023-04-05,2,EveningSnacks,3.0,86.0,False,False,
2023-04-05,2,Dinner,64.0,258.0,False,False,
2023-04-06,3,BreakFast,15.0,136.0,False,False,
2023-04-06,3,Lunch,59.0,187.0,False,False,
2023-04-06,3,EveningSnacks,5.0,155.0,False,False,
2023-04-06,3,Dinner,17.0,123.0,False,False,
2023-04-07,4,BreakFast,9.0,92.0,False,False,
2023-04-07,4,Lunch,26.0,150.0,False,False,
2023-04-07,4,EveningSnacks,1.0,61.0,False,False,
2023-04-07,4,Dinner,16.0,146.0,False,False,
2023-04-08,5,BreakFast,12.0,87.0,False,False,
2023-04-08,5,Lunch,30.0,159.0,False,False,
2023-04-08,5,EveningSnacks,1.0,60.0,False,False,
2023-04-08,5,Dinner,11.0,92.0,False,False,
2023-04-09,6,BreakFast,6.0,82.0,False,False,
2023-04-09,6,Lunch,19.0,123.0,False,False,
2023-04-09,6,EveningSnacks,3.0,133.0,False,False,
2023-04-09,6,Dinner,55.0,200.0,False,False,
2023-04-10,0,BreakFast,23.0,130.0,False,False,
2023-04-10,0,Lunch,61.0,227.0,False,False,
2023-04-10,0,EveningSnacks,6.0,130.0,False,False,
2023-04-10,0,Dinner,23.0,184.0,False,False,
2023-04-11,1,BreakFast,19.0,155.0,False,False,
2023-04-11,1,Lunch,19.0,243.0,False,False,
2023-04-11,1,EveningSnacks,2.0,180.0,False,False,
2023-04-11,1,Dinner,27.0,146.0,False,False,
2023-04-12,2,BreakFast,27.0,163.0,False,False,
2023-04-12,2,Lunch,47.0,178.0,False,False,
2023-04-12,2,EveningSnacks,5.0,119.0,False,False,
2023-04-12,2,Dinner,58.0,281.0,False,False,
2023-04-13,3,BreakFast,21.0,126.0,False,False,
2023-04-13,3,Lunch,44.0,208.0,False,False,
2023-04-13,3,EveningSnacks,1.0,176.0,False,False,
2023-04-13,3,Dinner,25.0,172.0,False,False,
2023-04-14,4,BreakFast,27.0,128.0,False,False,
2023-04-14,4,Lunch,44.0,157.0,False,False,
2023-04-14,4,EveningSnacks,0.0,70.0,False,False,
2023-04-14,4,Dinner,27.0,209.0,False,False,
2023-04-15,5,BreakFast,16.0,128.0,False,False,
2023-04-15,5,Lunch,66.0,244.0,False,False,
2023-04-15,5,EveningSnacks,1.0,104.0,False,False,
2023-04-15,5,Dinner,18.0,111.0,False,False,
2023-04-16,6,BreakFast,16.0,118.0,False,False,
2023-04-16,6,Lunch,25.0,163.0,False,False,
2023-04-16,6,EveningSnacks,7.0,169.0,False,False,
2023-04-16,6,Dinner,44.0,243.0,False,False,
2023-04-17,0,BreakFast,25.0,125.0,False,False,
2023-04-17,0,Lunch,69.0,243.0,False,False,
2023-04-17,0,EveningSnacks,3.0,135.0,False,False,
2023-04-17,0,Dinner,27.0,157.0,False,False,
2023-04-18,1,BreakFast,21.0,141.0,False,False,
2023-04-18,1,Lunch,70.0,247.0,False,False,
2023-04-18,1,EveningSnacks,4.0,164.0,False,False,
2023-04-18,1,Dinner,19.0,152.0,False,False,
2023-04-19,2,BreakFast,27.0,139.0,False,False,
2023-04-19,2,Lunch,51.0,162.0,False,False,
2023-04-19,2,EveningSnacks,2.0,85.0,False,False,
2023-04-19,2,Dinner,51.0,270.0,False,False,
2023-04-20,3,BreakFast,20.0,124.0,False,False,
2023-04-20,3,Lunch,75.0,190.0,False,False,
2023-04-20,3,EveningSnacks,2.0,146.0,False,False,
2023-04-20,3,Dinner,25.0,120.0,False,False,
2023-04-21,4,BreakFast,19.0,99.0,False,False,
2023-04-21,4,Lunch,58.0,143.0,False,False,
2023-04-21,4,EveningSnacks,2.0,44.0,False,False,
2023-04-21,4,Dinner,24.0,144.0,False,False,
2023-04-22,5,BreakFast,13.0,94.0,False,False,
2023-04-22,5,Lunch,40.0,178.0,False,False,
2023-04-22,5,EveningSnacks,,,False,False,
2023-04-22,5,Dinner,12.0,77.0,False,False,
2023-04-23,6,BreakFast,13.0,74.0,False,False,
2023-04-23,6,Lunch,28.0,133.0,False,False,
2023-04-23,6,EveningSnacks,0.0,88.0,False,False,
2023-04-23,6,Dinner,42.0,197.0,False,False,
2023-04-24,0,BreakFast,29.0,113.0,False,False,
2023-04-24,0,Lunch,84.0,181.0,False,False,
2023-04-24,0,EveningSnacks,0.0,107.0,False,False,
2023-04-24,0,Dinner,35.0,150.0,False,False,
2023-04-25,1,BreakFast,29.0,127.0,False,False,
2023-04-25,1,Lunch,80.0,201.0,False,False,
2023-04-25,1,EveningSnacks,6.0,140.0,False,False,
2023-04-25,1,Dinner,28.0,106.0,False,False,
2023-04-26,2,BreakFast,37.0,130.0,False,False,
2023-04-26,2,Lunch,76.0,137.0,False,False,
2023-04-26,2,EveningSnacks,4.0,101.0,False,False,
2023-04-26,2,Dinner,72.0,254.0,False,False,
2023-04-27,3,BreakFast,27.0,117.0,False,False,
2023-04-27,3,Lunch,82.0,154.0,False,False,
2023-04-27,3,EveningSnacks,2.0,180.0,False,False,
2023-04-27,3,Dinner,37.0,133.0,False,False,
2023-04-28,4,BreakFast,34.0,106.0,False,False,
2023-04-28,4,Lunch,82.0,111.0,False,False,
2023-04-28,4,EveningSnacks,2.0,,False,False,
2023-04-28,4,Dinner,40.0,160.0,False,False,
2023-04-29,5,BreakFast,22.0,111.0,False,False,
2023-04-29,5,Lunch,101.0,185.0,False,False,
2023-04-29,5,EveningSnacks,5.0,80.0,False,False,
2023-04-29,5,Dinner,27.0,71.0,False,False,
2023-04-30,6,BreakFast,15.0,67.0,False,False,
2023-04-30,6,Lunch,60.0,114.0,False,False,
2023-04-30,6,EveningSnacks,1.0,105.0,False,False,
2023-04-30,6,Dinner,67.0,213.0,False,False,
2023-05-01,0,BreakFast,70.0,32.0,False,False,
2023-05-01,0,Lunch,146.0,56.0,False,False,
2023-05-01,0,EveningSnacks,5.0,42.0,False,False,
2023-05-01,0,Dinner,70.0,59.0,False,False,
2023-05-02,1,BreakFast,55.0,46.0,False,False,
2023-05-02,1,Lunch,187.0,98.0,False,False,
2023-05-02,1,EveningSnacks,3.0,66.0,False,False,
2023-05-02,1,Dinner,29.0,56.0,False,False,
2023-05-03,2,BreakFast,60.0,56.0,False,False,
2023-05-03,2,Lunch,94.0,87.0,False,False,
2023-05-03,2,EveningSnacks,8.0,35.0,False,False,
2023-05-03,2,Dinner,155.0,124.0,False,False,
2023-05-04,3,BreakFast,44.0,54.0,False,False,
2023-05-04,3,Lunch,117.0,86.0,False,False,
2023-05-04,3,EveningSnacks,8.0,69.0,False,False,
2023-05-04,3,Dinner,45.0,55.0,False,False,
2023-05-05,4,BreakFast,70.0,,False,False,
2023-05-05,4,Lunch,84.0,54.0,False,False,
2023-05-05,4,EveningSnacks,5.0,38.0,False,False,
2023-05-05,4,Dinner,63.0,71.0,False,False,
2023-05-06,5,BreakFast,43.0,45.0,False,False,
2023-05-06,5,Lunch,169.0,84.0,False,False,
2023-05-06,5,EveningSnacks,4.0,35.0,False,False,
2023-05-06,5,Dinner,38.0,52.0,False,False,
2023-05-07,6,BreakFast,40.0,50.0,False,False,
2023-05-07,6,Lunch,65.0,69.0,False,False,
2023-05-07,6,EveningSnacks,7.0,39.0,False,False,
2023-05-07,6,Dinner,128.0,94.0,False,False,
2023-05-08,0,BreakFast,46.0,71.0,False,False,
2023-05-08,0,Lunch,156.0,96.0,False,False,
2023-05-08,0,EveningSnacks,5.0,42.0,False,False,
2023-05-08,0,Dinner,54.0,66.0,False,False,
2023-05-09,1,BreakFast,36.0,70.0,False,False,
2023-05-09,1,Lunch,148.0,99.0,False,False,
2023-05-09,1,EveningSnacks,11.0,69.0,False,False,
2023-05-09,1,Dinner,34.0,55.0,False,False,
2023-05-10,2,BreakFast,34.0,72.0,False,False,
2023-05-10,2,Lunch,78.0,69.0,False,False,
2023-05-10,2,EveningSnacks,5.0,68.0,False,False,
2023-05-10,2,Dinner,81.0,103.0,False,False,
2023-05-11,3,BreakFast,33.0,59.0,False,False,
2023-05-11,3,Lunch,50.0,65.0,False,False,
2023-05-11,3,EveningSnacks,2.0,43.0,False,False,
2023-05-11,3,Dinner,32.0,55.0,False,False,
2023-05-12,4,BreakFast,29.0,60.0,False,False,
2023-05-12,4,Lunch,90.0,70.0,False,False,
2023-05-12,4,EveningSnacks,3.0,51.0,False,False,
2023-05-12,4,Dinner,38.0,63.0,False,False,
2023-05-13,5,BreakFast,31.0,50.0,False,False,
2023-05-13,5,Lunch,107.0,88.0,False,False,
2023-05-13,5,EveningSnacks,4.0,32.0,False,False,
2023-05-13,5,Dinner,17.0,39.0,False,False,
2023-05-14,6,BreakFast,44.0,44.0,False,False,
2023-05-14,6,Lunch,40.0,67.0,False,False,
2023-05-14,6,EveningSnacks,8.0,50.0,False,False,
2023-05-14,6,Dinner,59.0,94.0,False,False,
2023-05-15,0,BreakFast,25.0,61.0,False,False,
2023-05-15,0,Lunch,109.0,91.0,False,False,
2023-05-15,0,EveningSnacks,0.0,54.0,False,False,
2023-05-15,0,Dinner,28.0,66.0,False,False,
2023-05-16,1,BreakFast,24.0,68.0,True,False,
2023-05-16,1,Lunch,105.0,102.0,True,False,
2023-05-16,1,EveningSnacks,12.0,57.0,True,False,
2023-05-16,1,Dinner,23.0,61.0,True,False,
2023-05-17,2,BreakFast,22.0,63.0,True,False,
2023-05-17,2,Lunch,61.0,78.0,True,False,
2023-05-17,2,EveningSnacks,0.0,33.0,True,False,
2023-05-17,2,Dinner,50.0,103.0,True,False,
2023-05-18,3,BreakFast,28.0,47.0,True,False,
2023-05-18,3,Lunch,81.0,91.0,True,False,
2023-05-18,3,EveningSnacks,1.0,,True,False,
2023-05-18,3,Dinner,24.0,,True,False,
2023-05-19,4,BreakFast,27.0,65.0,True,False,
2023-05-19,4,Lunch,66.0,55.0,True,False,
2023-05-19,4,EveningSnacks,2.0,,True,False,
2023-05-19,4,Dinner,29.0,67.0,True,False,
2023-05-20,5,BreakFast,34.0,44.0,True,False,
2023-05-20,5,Lunch,78.0,85.0,True,False,
2023-05-20,5,EveningSnacks,0.0,41.0,True,False,
2023-05-20,5,Dinner,21.0,41.0,True,False,
2023-05-21,6,BreakFast,21.0,34.0,True,False,
2023-05-21,6,Lunch,31.0,53.0,True,False,
2023-05-21,6,EveningSnacks,3.0,47.0,True,False,
2023-05-21,6,Dinner,45.0,88.0,True,False,
2023-05-22,0,BreakFast,26.0,63.0,True,False,
2023-05-22,0,Lunch,92.0,83.0,True,False,
2023-05-22,0,EveningSnacks,2.0,47.0,True,False,
2023-05-22,0,Dinner,38.0,72.0,True,False,
2023-05-23,1,BreakFast,38.0,47.0,True,False,
2023-05-23,1,Lunch,117.0,74.0,True,False,
2023-05-23,1,EveningSnacks,1.0,64.0,True,False,
2023-05-23,1,Dinner,19.0,47.0,True,False,
2023-05-24,2,BreakFast,29.0,55.0,True,False,
2023-05-24,2,Lunch,93.0,75.0,True,False,
2023-05-24,2,EveningSnacks,0.0,43.0,True,False,
2023-05-24,2,Dinner,61.0,105.0,True,False,
2023-05-25,3,BreakFast,22.0,42.0,True,False,
2023-05-25,3,Lunch,89.0,71.0,True,False,
2023-05-25,3,EveningSnacks,4.0,54.0,True,False,
2023-05-25,3,Dinner,38.0,43.0,True,False,
2023-05-26,4,BreakFast,49.0,62.0,True,False,
2023-05-26,4,Lunch,82.0,50.0,True,False,
2023-05-26,4,EveningSnacks,0.0,31.0,True,False,
2023-05-26,4,Dinner,28.0,54.0,True,False,
2023-05-27,5,BreakFast,14.0,29.0,True,False,
2023-05-27,5,Lunch,84.0,58.0,True,False,
2023-05-27,5,EveningSnacks,,,True,False,
2023-05-27,5,Dinner,18.0,31.0,True,False,
2023-05-28,6,BreakFast,21.0,38.0,True,False,
2023-05-28,6,Lunch,29.0,38.0,True,False,
2023-05-28,6,EveningSnacks,5.0,,True,False,
2023-05-28,6,Dinner,62.0,80.0,True,False,
2023-05-29,0,BreakFast,35.0,47.0,True,False,
2023-05-29,0,Lunch,107.0,57.0,True,False,
2023-05-29,0,EveningSnacks,,,True,False,
2023-05-29,0,Dinner,52.0,52.0,True,False,
2023-05-30,1,BreakFast,35.0,43.0,True,False,
2023-05-30,1,Lunch,113.0,64.0,True,False,
2023-05-30,1,EveningSnacks,1.0,,True,False,
2023-05-30,1,Dinner,39.0,41.0,True,False,
2023-05-31,2,BreakFast,38.0,57.0,True,False,
2023-05-31,2,Lunch,78.0,,True,False,
2023-05-31,2,EveningSnacks,1.0,33.0,True,False,
2023-05-31,2,Dinner,84.0,85.0,True,False,
2023-06-01,3,BreakFast,42.0,14.0,True,False,
2023-06-01,3,Lunch,91.0,45.0,True,False,
2023-06-01,3,EveningSnacks,0.0,30.0,True,False,
2023-06-01,3,Dinner,36.0,25.0,True,False,
2023-06-02,4,BreakFast,44.0,36.0,True,False,
2023-06-02,4,Lunch,58.0,33.0,True,False,
2023-06-02,4,EveningSnacks,1.0,14.0,True,False,
2023-06-02,4,Dinner,44.0,42.0,True,False,
2023-06-03,5,BreakFast,12.0,33.0,True,False,
2023-06-03,5,Lunch,94.0,46.0,True,False,
2023-06-03,5,EveningSnacks,0.0,16.0,True,False,
2023-06-03,5,Dinner,30.0,24.0,True,False,
2023-06-04,6,BreakFast,20.0,31.0,True,False,
2023-06-04,6,Lunch,40.0,38.0,True,False,
2023-06-04,6,EveningSnacks,4.0,33.0,True,False,
2023-06-04,6,Dinner,75.0,128.0,True,False,
2023-06-05,0,BreakFast,21.0,36.0,True,False,
2023-06-05,0,Lunch,112.0,60.0,True,False,
2023-06-05,0,EveningSnacks,7.0,15.0,True,False,
2023-06-05,0,Dinner,39.0,43.0,True,False,
2023-06-06,1,BreakFast,25.0,40.0,True,False,
2023-06-06,1,Lunch,100.0,60.0,True,False,
2023-06-06,1,EveningSnacks,8.0,32.0,True,False,
2023-06-06,1,Dinner,32.0,30.0,True,False,
2023-06-07,2,BreakFast,33.0,43.0,True,False,
2023-06-07,2,Lunch,68.0,54.0,True,False,
2023-06-07,2,EveningSnacks,4.0,18.0,True,False,
2023-06-07,2,Dinner,86.0,62.0,True,False,
2023-06-08,3,BreakFast,24.0,41.0,True,False,
2023-06-08,3,Lunch,77.0,56.0,True,False,
2023-06-08,3,EveningSnacks,6.0,39.0,True,False,
2023-06-08,3,Dinner,43.0,43.0,True,False,
2023-06-09,4,BreakFast,42.0,43.0,True,False,
2023-06-09,4,Lunch,72.0,42.0,True,False,
2023-06-09,4,EveningSnacks,5.0,31.0,True,False,
2023-06-09,4,Dinner,63.0,52.0,True,False,
2023-06-10,5,BreakFast,14.0,33.0,True,False,
2023-06-10,5,Lunch,110.0,51.0,True,False,
2023-06-10,5,EveningSnacks,3.0,16.0,True,False,
2023-06-10,5,Dinner,17.0,23.0,True,False,
2023-06-11,6,BreakFast,44.0,38.0,True,False,
2023-06-11,6,Lunch,35.0,32.0,True,False,
2023-06-11,6,EveningSnacks,8.0,37.0,True,False,
2023-06-11,6,Dinner,76.0,60.0,True,False,
2023-06-12,0,BreakFast,41.0,51.0,True,False,
2023-06-12,0,Lunch,92.0,47.0,True,False,
2023-06-12,0,EveningSnacks,3.0,22.0,True,False,
2023-06-12,0,Dinner,44.0,42.0,True,False,
2023-06-13,1,BreakFast,57.0,49.0,True,False,
2023-06-13,1,Lunch,95.0,51.0,True,False,
2023-06-13,1,EveningSnacks,5.0,28.0,True,False,
2023-06-13,1,Dinner,32.0,33.0,True,False,
2023-06-14,2,BreakFast,56.0,52.0,True,False,
2023-06-14,2,Lunch,90.0,41.0,True,False,
2023-06-14,2,EveningSnacks,,,True,False,
2023-06-14,2,Dinner,87.0,58.0,True,False,
2023-06-15,3,BreakFast,33.0,34.0,True,False,
2023-06-15,3,Lunch,53.0,51.0,True,False,
2023-06-15,3,EveningSnacks,2.0,,True,False,
2023-06-15,3,Dinner,35.0,37.0,True,False,
2023-06-16,4,BreakFast,38.0,47.0,True,False,
2023-06-16,4,Lunch,43.0,35.0,True,False,
2023-06-16,4,EveningSnacks,2.0,,True,False,
2023-06-16,4,Dinner,46.0,,True,False,
2023-06-17,5,BreakFast,17.0,32.0,True,False,
2023-06-17,5,Lunch,80.0,46.0,True,False,
2023-06-17,5,EveningSnacks,2.0,17.0,True,False,
2023-06-17,5,Dinner,28.0,25.0,True,False,
2023-06-18,6,BreakFast,17.0,,True,False,
2023-06-18,6,Lunch,31.0,30.0,True,False,
2023-06-18,6,EveningSnacks,,,True,False,
2023-06-18,6,Dinner,50.0,35.0,True,False,
2023-06-19,0,BreakFast,24.0,30.0,True,False,
2023-06-19,0,Lunch,61.0,36.0,True,False,
2023-06-19,0,EveningSnacks,6.0,18.0,True,False,
2023-06-19,0,Dinner,31.0,42.0,True,False,
2023-06-20,1,BreakFast,22.0,33.0,True,False,
2023-06-20,1,Lunch,80.0,43.0,True,False,
2023-06-20,1,EveningSnacks,3.0,,True,False,
2023-06-20,1,Dinner,28.0,,True,False,
2023-06-21,2,BreakFast,44.0,40.0,True,False,
2023-06-21,2,Lunch,86.0,48.0,True,False,
2023-06-21,2,EveningSnacks,3.0,13.0,True,False,
2023-06-21,2,Dinner,65.0,51.0,True,False,
2023-06-22,3,BreakFast,24.0,27.0,True,False,
2023-06-22,3,Lunch,75.0,35.0,True,False,
2023-06-22,3,EveningSnacks,7.0,,True,False,
2023-06-22,3,Dinner,30.0,,True,False,
2023-06-23,4,BreakFast,45.0,40.0,True,False,
2023-06-23,4,Lunch,67.0,33.0,True,False,
2023-06-23,4,EveningSnacks,0.0,16.0,True,False,
2023-06-23,4,Dinner,43.0,40.0,True,False,
2023-06-24,5,BreakFast,26.0,31.0,True,False,
2023-06-24,5,Lunch,99.0,,True,False,
2023-06-24,5,EveningSnacks,,,True,False,
2023-06-24,5,Dinner,28.0,30.0,True,False,
2023-06-25,6,BreakFast,40.0,68.0,True,False,
2023-06-25,6,Lunch,40.0,24.0,True,False,
2023-06-25,6,EveningSnacks,3.0,30.0,True,False,
2023-06-25,6,Dinner,79.0,47.0,True,False,
2023-06-26,0,BreakFast,31.0,34.0,True,False,
2023-06-26,0,Lunch,88.0,37.0,True,False,
2023-06-26,0,EveningSnacks,,,True,False,
2023-06-26,0,Dinner,69.0,,True,False,
2023-06-27,1,BreakFast,41.0,28.0,True,False,
2023-06-27,1,Lunch,103.0,36.0,True,False,
2023-06-27,1,EveningSnacks,,,True,False,
2023-06-27,1,Dinner,43.0,,True,False,
2023-06-28,2,BreakFast,54.0,38.0,True,False,
2023-06-28,2,Lunch,88.0,37.0,True,False,
2023-06-28,2,EveningSnacks,4.0,22.0,True,False,
2023-06-28,2,Dinner,76.0,50.0,True,False,
2023-06-29,3,BreakFast,48.0,20.0,True,False,
2023-06-29,3,Lunch,87.0,32.0,True,False,
2023-06-29,3,EveningSnacks,4.0,,True,False,
2023-06-29,3,Dinner,52.0,,True,False,
2023-06-30,4,BreakFast,38.0,24.0,True,False,
2023-06-30,4,Lunch,124.0,27.0,True,False,
2023-06-30,4,EveningSnacks,2.0,,True,False,
2023-06-30,4,Dinner,74.0,30.0,True,False,
2023-07-01,5,BreakFast,45.0,31.0,True,False,
2023-07-01,5,Lunch,116.0,53.0,True,False,
2023-07-01,5,EveningSnacks,0.0,20.0,True,False,
2023-07-01,5,Dinner,45.0,48.0,True,False,
2023-07-02,6,BreakFast,46.0,92.0,True,False,
2023-07-02,6,Lunch,48.0,76.0,True,False,
2023-07-02,6,EveningSnacks,5.0,26.0,True,False,
2023-07-02,6,Dinner,64.0,90.0,True,False,
2023-07-03,0,BreakFast,52.0,102.0,True,False,
2023-07-03,0,Lunch,86.0,126.0,True,False,
2023-07-03,0,EveningSnacks,13.0,67.0,True,False,
2023-07-03,0,Dinner,60.0,117.0,True,False,
2023-07-04,1,BreakFast,59.0,120.0,True,False,
2023-07-04,1,Lunch,106.0,144.0,True,False,
2023-07-04,1,EveningSnacks,2.0,73.0,True,False,
2023-07-04,1,Dinner,31.0,117.0,True,False,
2023-07-05,2,BreakFast,47.0,137.0,True,False,
2023-07-05,2,Lunch,109.0,155.0,True,False,
2023-07-05,2,EveningSnacks,5.0,88.0,True,False,
2023-07-05,2,Dinner,57.0,179.0,True,False,
2023-07-06,3,BreakFast,32.0,133.0,True,False,
2023-07-06,3,Lunch,75.0,144.0,True,False,
2023-07-06,3,EveningSnacks,7.0,57.0,True,False,
2023-07-06,3,Dinner,35.0,144.0,True,False,
2023-07-07,4,BreakFast,28.0,145.0,True,False,
2023-07-07,4,Lunch,59.0,128.0,True,False,
2023-07-07,4,EveningSnacks,6.0,74.0,True,False,
2023-07-07,4,Dinner,35.0,150.0,True,False,
2023-07-08,5,BreakFast,18.0,88.0,True,False,
2023-07-08,5,Lunch,80.0,154.0,True,False,
2023-07-08,5,EveningSnacks,3.0,49.0,True,False,
2023-07-08,5,Dinner,26.0,108.0,True,False,
2023-07-09,6,BreakFast,32.0,97.0,True,False,
2023-07-09,6,Lunch,39.0,109.0,True,False,
2023-07-09,6,EveningSnacks,7.0,94.0,True,False,
2023-07-09,6,Dinner,91.0,150.0,True,False,
2023-07-10,0,BreakFast,23.0,123.0,True,False,
2023-07-10,0,Lunch,92.0,158.0,True,False,
2023-07-10,0,EveningSnacks,8.0,98.0,True,False,
2023-07-10,0,Dinner,31.0,152.0,True,False,
2023-07-11,1,BreakFast,33.0,139.0,True,False,
2023-07-11,1,Lunch,90.0,156.0,True,False,
2023-07-11,1,EveningSnacks,2.0,122.0,True,False,
2023-07-11,1,Dinner,28.0,129.0,True,False,
2023-07-12,2,BreakFast,24.0,165.0,True,False,
2023-07-12,2,Lunch,89.0,180.0,True,False,
2023-07-12,2,EveningSnacks,5.0,107.0,True,False,
2023-07-12,2,Dinner,87.0,188.0,True,False,
2023-07-13,3,BreakFast,24.0,135.0,True,False,
2023-07-13,3,Lunch,71.0,133.0,True,False,
2023-07-13,3,EveningSnacks,16.0,132.0,True,False,
2023-07-13,3,Dinner,45.0,93.0,True,False,
2023-07-14,4,BreakFast,39.0,159.0,True,False,
2023-07-14,4,Lunch,56.0,93.0,True,False,
2023-07-14,4,EveningSnacks,5.0,76.0,True,False,
2023-07-14,4,Dinner,40.0,169.0,True,False,
2023-07-15,5,BreakFast,17.0,91.0,True,False,
2023-07-15,5,Lunch,100.0,161.0,True,False,
2023-07-15,5,EveningSnacks,0.0,58.0,True,False,
2023-07-15,5,Dinner,35.0,90.0,True,False,
2023-07-16,6,BreakFast,20.0,107.0,True,False,
2023-07-16,6,Lunch,36.0,115.0,True,False,
2023-07-16,6,EveningSnacks,3.0,98.0,True,False,
2023-07-16,6,Dinner,83.0,171.0,True,False,
2023-07-17,0,BreakFast,42.0,131.0,True,False,
2023-07-17,0,Lunch,102.0,175.0,True,False,
2023-07-17,0,EveningSnacks,3.0,121.0,True,False,
2023-07-17,0,Dinner,60.0,159.0,True,False,
2023-07-18,1,BreakFast,40.0,129.0,True,False,
2023-07-18,1,Lunch,80.0,148.0,True,False,
2023-07-18,1,EveningSnacks,4.0,103.0,True,False,
2023-07-18,1,Dinner,23.0,123.0,True,False,
2023-07-19,2,BreakFast,28.0,110.0,True,False,
2023-07-19,2,Lunch,102.0,171.0,True,False,
2023-07-19,2,EveningSnacks,5.0,118.0,True,False,
2023-07-19,2,Dinner,95.0,197.0,True,False,
2023-07-20,3,BreakFast,32.0,128.0,True,False,
2023-07-20,3,Lunch,86.0,161.0,True,False,
2023-07-20,3,EveningSnacks,8.0,115.0,True,False,
2023-07-20,3,Dinner,48.0,156.0,True,False,
2023-07-21,4,BreakFast,42.0,160.0,True,False,
2023-07-21,4,Lunch,90.0,123.0,True,False,
2023-07-21,4,EveningSnacks,3.0,75.0,True,False,
2023-07-21,4,Dinner,41.0,165.0,True,False,
2023-07-22,5,BreakFast,20.0,91.0,True,False,
2023-07-22,5,Lunch,83.0,144.0,True,False,
2023-07-22,5,EveningSnacks,3.0,78.0,True,False,
2023-07-22,5,Dinner,29.0,76.0,True,False,
2023-07-23,6,BreakFast,28.0,97.0,True,False,
2023-07-23,6,Lunch,49.0,115.0,True,False,
2023-07-23,6,EveningSnacks,7.0,100.0,True,False,
2023-07-23,6,Dinner,75.0,175.0,True,False,
2023-07-24,0,BreakFast,31.0,148.0,True,False,
2023-07-24,0,Lunch,96.0,146.0,True,False,
2023-07-24,0,EveningSnacks,1.0,125.0,True,False,
2023-07-24,0,Dinner,50.0,127.0,True,False,
2023-07-25,1,BreakFast,29.0,102.0,True,False,
2023-07-25,1,Lunch,103.0,155.0,True,False,
2023-07-25,1,EveningSnacks,2.0,96.0,True,False,
2023-07-25,1,Dinner,32.0,98.0,True,False,
2023-07-26,2,BreakFast,33.0,119.0,True,False,
2023-07-26,2,Lunch,162.0,140.0,True,False,
2023-07-26,2,EveningSnacks,12.0,142.0,True,False,
2023-07-26,2,Dinner,87.0,192.0,True,False,
2023-07-27,3,BreakFast,59.0,90.0,True,False,
2023-07-27,3,Lunch,118.0,134.0,True,False,
2023-07-27,3,EveningSnacks,8.0,103.0,True,False,
2023-07-27,3,Dinner,56.0,111.0,True,False,
2023-07-28,4,BreakFast,51.0,120.0,True,False,
2023-07-28,4,Lunch,91.0,101.0,True,False,
2023-07-28,4,EveningSnacks,7.0,104.0,True,False,
2023-07-28,4,Dinner,78.0,132.0,True,False,
2023-07-29,5,BreakFast,36.0,78.0,True,False,
2023-07-29,5,Lunch,122.0,120.0,True,False,
2023-07-29,5,EveningSnacks,6.0,68.0,True,False,
2023-07-29,5,Dinner,45.0,69.0,True,False,
2023-07-30,6,BreakFast,50.0,88.0,True,False,
2023-07-30,6,Lunch,60.0,82.0,True,False,
2023-07-30,6,EveningSnacks,5.0,61.0,True,False,
2023-07-30,6,Dinner,121.0,125.0,True,False,
2023-07-31,0,BreakFast,73.0,84.0,True,False,
2023-07-31,0,Lunch,158.0,102.0,True,False,
2023-07-31,0,EveningSnacks,5.0,100.0,True,False,
2023-07-31,0,Dinner,78.0,87.0,True,False,
2023-08-01,1,BreakFast,90.0,23.0,True,False,
2023-08-01,1,Lunch,126.0,71.0,True,False,
2023-08-01,1,EveningSnacks,0.0,26.0,True,False,
2023-08-01,1,Dinner,63.0,,True,False,
2023-08-02,2,BreakFast,52.0,79.0,True,False,
2023-08-02,2,Lunch,76.0,115.0,True,False,
2023-08-02,2,EveningSnacks,4.0,43.0,True,False,
2023-08-02,2,Dinner,137.0,161.0,True,False,
2023-08-03,3,BreakFast,83.0,116.0,True,False,
2023-08-03,3,Lunch,177.0,150.0,True,False,
2023-08-03,3,EveningSnacks,0.0,56.0,True,False,
2023-08-03,3,Dinner,66.0,128.0,True,False,
2023-08-04,4,BreakFast,76.0,143.0,True,False,
2023-08-04,4,Lunch,128.0,,True,False,
2023-08-04,4,EveningSnacks,3.0,80.0,True,False,
2023-08-04,4,Dinner,55.0,156.0,True,False,
2023-08-05,5,BreakFast,42.0,116.0,True,False,
2023-08-05,5,Lunch,152.0,184.0,True,False,
2023-08-05,5,EveningSnacks,5.0,64.0,True,False,
2023-08-05,5,Dinner,24.0,106.0,True,False,
2023-08-06,6,BreakFast,35.0,127.0,True,False,
2023-08-06,6,Lunch,87.0,138.0,True,False,
2023-08-06,6,EveningSnacks,4.0,100.0,True,False,
2023-08-06,6,Dinner,93.0,245.0,True,False,
2023-08-07,0,BreakFast,37.0,211.0,False,False,
2023-08-07,0,Lunch,124.0,274.0,False,False,
2023-08-07,0,EveningSnacks,10.0,173.0,False,False,
2023-08-07,0,Dinner,36.0,295.0,False,False,
2023-08-08,1,BreakFast,35.0,274.0,False,False,
2023-08-08,1,Lunch,123.0,373.0,False,False,
2023-08-08,1,EveningSnacks,10.0,221.0,False,False,
2023-08-08,1,Dinner,53.0,297.0,False,False,
2023-08-09,2,BreakFast,27.0,306.0,False,False,
2023-08-09,2,Lunch,107.0,367.0,False,False,
2023-08-09,2,EveningSnacks,3.0,169.0,False,False,
2023-08-09,2,Dinner,58.0,430.0,False,False,
2023-08-10,3,BreakFast,17.0,257.0,False,False,
2023-08-10,3,Lunch,101.0,337.0,False,False,
2023-08-10,3,EveningSnacks,8.0,287.0,False,False,
2023-08-10,3,Dinner,27.0,240.0,False,False,
2023-08-11,4,BreakFast,24.0,280.0,False,False,
2023-08-11,4,Lunch,75.0,261.0,False,False,
2023-08-11,4,EveningSnacks,1.0,123.0,False,False,
2023-08-11,4,Dinner,24.0,222.0,False,False,
2023-08-12,5,BreakFast,10.0,140.0,False,False,
2023-08-12,5,Lunch,58.0,247.0,False,False,
2023-08-12,5,EveningSnacks,1.0,83.0,False,False,
2023-08-12,5,Dinner,23.0,87.0,False,False,
2023-08-13,6,BreakFast,9.0,137.0,False,False,
2023-08-13,6,Lunch,35.0,172.0,False,False,
2023-08-13,6,EveningSnacks,3.0,123.0,False,False,
2023-08-13,6,Dinner,75.0,285.0,False,False,
2023-08-14,0,BreakFast,20.0,185.0,False,False,
2023-08-14,0,Lunch,157.0,346.0,False,False,
2023-08-14,0,EveningSnacks,8.0,143.0,False,False,
2023-08-14,0,Dinner,24.0,269.0,False,False,
2023-08-15,1,BreakFast,19.0,179.0,False,False,
2023-08-15,1,Lunch,34.0,205.0,False,False,
2023-08-15,1,EveningSnacks,2.0,164.0,False,False,
2023-08-15,1,Dinner,24.0,211.0,False,False,
2023-08-16,2,BreakFast,15.0,262.0,False,False,
2023-08-16,2,Lunch,120.0,357.0,False,False,
2023-08-16,2,EveningSnacks,5.0,153.0,False,False,
2023-08-16,2,Dinner,46.0,412.0,False,False,
2023-08-17,3,BreakFast,,,False,False,
2023-08-17,3,Lunch,,,False,False,
2023-08-17,3,EveningSnacks,,,False,False,
2023-08-17,3,Dinner,,,False,False,
2023-08-18,4,BreakFast,,,False,False,
2023-08-18,4,Lunch,,,False,False,
2023-08-18,4,EveningSnacks,,,False,False,
2023-08-18,4,Dinner,,,False,False,
2023-08-19,5,BreakFast,,,False,False,
2023-08-19,5,Lunch,,,False,False,
2023-08-19,5,EveningSnacks,,,False,False,
2023-08-19,5,Dinner,,,False,False,
2023-08-20,6,BreakFast,,,False,False,
2023-08-20,6,Lunch,,,False,False,
2023-08-20,6,EveningSnacks,,,False,False,
2023-08-20,6,Dinner,,,False,False,
2023-08-21,0,BreakFast,,,False,False,
2023-08-21,0,Lunch,,,False,False,
2023-08-21,0,EveningSnacks,,,False,False,
2023-08-21,0,Dinner,,,False,False,
2023-08-22,1,BreakFast,,,False,False,
2023-08-22,1,Lunch,,,False,False,
2023-08-22,1,EveningSnacks,,,False,False,
2023-08-22,1,Dinner,,,False,False,
2023-08-23,2,BreakFast,,,False,False,
2023-08-23,2,Lunch,,,False,False,
2023-08-23,2,EveningSnacks,,,False,False,
2023-08-23,2,Dinner,,,False,False,
2023-08-24,3,BreakFast,,,False,False,
2023-08-24,3,Lunch,,,False,False,
2023-08-24,3,EveningSnacks,,,False,False,
2023-08-24,3,Dinner,,,False,False,
2023-08-25,4,BreakFast,,,False,False,
2023-08-25,4,Lunch,,,False,False,
2023-08-25,4,EveningSnacks,,,False,False,
2023-08-25,4,Dinner,,,False,False,
2023-08-26,5,BreakFast,,,False,False,
2023-08-26,5,Lunch,,,False,False,
2023-08-26,5,EveningSnacks,,,False,False,
2023-08-26,5,Dinner,,,False,False,
2023-08-27,6,BreakFast,,,False,False,
2023-08-27,6,Lunch,,,False,False,
2023-08-27,6,EveningSnacks,,,False,False,
2023-08-27,6,Dinner,,,False,False,
2023-08-28,0,BreakFast,,,False,False,
2023-08-28,0,Lunch,,,False,False,
2023-08-28,0,EveningSnacks,,,False,False,
2023-08-28,0,Dinner,,,False,False,
2023-08-29,1,BreakFast,,,False,False,
2023-08-29,1,Lunch,,,False,False,
2023-08-29,1,EveningSnacks,,,False,False,
2023-08-29,1,Dinner,,,False,False,
2023-08-30,2,BreakFast,,,False,False,
2023-08-30,2,Lunch,,,False,False,
2023-08-30,2,EveningSnacks,,,False,False,
2023-08-30,2,Dinner,,,False,False,
2023-08-31,3,BreakFast,,,False,False,
2023-08-31,3,Lunch,,,False,False,
2023-08-31,3,EveningSnacks,,,False,False,
2023-08-31,3,Dinner,,,False,False,
